[{"model": "crm.user", "pk": 1, "fields": {"password": "pbkdf2_sha256$180000$nSIj0WliZv2k$WpHyfabD2YNOB3zDTJo7uxg5ENXXn+NofC03Bc6BmAg=", "last_login": null, "email": "super@superuser.com", "first_name": "", "last_name": "", "avatar": "main_app/users_pictures/avatar_2x.png", "date_joined": "2020-08-28T13:27:39.892Z", "date_updated": "2020-08-28T13:27:39.892Z", "is_active": true, "is_confirmed": false, "is_staff": true, "is_superuser": true, "groups": [1], "user_permissions": []}}, {"model": "crm.user", "pk": 2, "fields": {"password": "pbkdf2_sha256$180000$KA87CNlOOGHl$bMng2QBKXq2fzYUNAlgxQh3H9uVz0JU/bPPBBOILNwU=", "last_login": null, "email": "admin@admin.com", "first_name": "", "last_name": "", "avatar": "main_app/users_pictures/avatar_2x.png", "date_joined": "2020-08-28T13:27:39.982Z", "date_updated": "2020-08-28T13:27:39.983Z", "is_active": true, "is_confirmed": false, "is_staff": true, "is_superuser": false, "groups": [2], "user_permissions": []}}, {"model": "crm.user", "pk": 3, "fields": {"password": "pbkdf2_sha256$180000$oHZkvpOdkA01$HyTEGZIIF4bDNhJzLPwfOEVnsON53y5pLTbNe7U9Zsg=", "last_login": null, "email": "manager@manager.com", "first_name": "", "last_name": "", "avatar": "main_app/users_pictures/avatar_2x.png", "date_joined": "2020-08-28T13:27:40.067Z", "date_updated": "2020-08-28T13:27:40.067Z", "is_active": true, "is_confirmed": false, "is_staff": false, "is_superuser": false, "groups": [3], "user_permissions": []}}, {"model": "crm.user", "pk": 4, "fields": {"password": "pbkdf2_sha256$180000$A4ZlfthNV27s$JscXrpUyvhrGhOVsmW/m3W5yXs2SRzamIBvV5bcIUyY=", "last_login": null, "email": "client@client.com", "first_name": "", "last_name": "", "avatar": "main_app/users_pictures/avatar_2x.png", "date_joined": "2020-08-28T13:27:40.150Z", "date_updated": "2020-08-28T13:27:40.150Z", "is_active": true, "is_confirmed": false, "is_staff": false, "is_superuser": false, "groups": [4], "user_permissions": []}}, {"model": "crm.contractorcommentlist", "pk": 1, "fields": {"date_created": "2020-08-28T13:27:40.157Z", "date_updated": "2020-08-28T13:27:40.157Z", "contractor": 1, "comment": ""}}, {"model": "crm.contractorcommentlist", "pk": 2, "fields": {"date_created": "2020-08-28T13:27:40.164Z", "date_updated": "2020-08-28T13:27:40.164Z", "contractor": 2, "comment": ""}}, {"model": "crm.contractorcommentlist", "pk": 3, "fields": {"date_created": "2020-08-28T13:27:40.171Z", "date_updated": "2020-08-28T13:27:40.171Z", "contractor": 3, "comment": ""}}, {"model": "crm.contractorpublicationslist", "pk": 1, "fields": {"date_created": "2020-08-28T13:27:40.159Z", "date_updated": "2020-08-28T13:27:40.159Z", "contractor": 1, "publish": ""}}, {"model": "crm.contractorpublicationslist", "pk": 2, "fields": {"date_created": "2020-08-28T13:27:40.166Z", "date_updated": "2020-08-28T13:27:40.166Z", "contractor": 2, "publish": ""}}, {"model": "crm.contractorpublicationslist", "pk": 3, "fields": {"date_created": "2020-08-28T13:27:40.173Z", "date_updated": "2020-08-28T13:27:40.173Z", "contractor": 3, "publish": ""}}, {"model": "crm.contractorpublicationsblacklist", "pk": 1, "fields": {"date_created": "2020-08-28T13:27:40.160Z", "date_updated": "2020-08-28T13:27:40.160Z", "contractor": 1, "not_publish": ""}}, {"model": "crm.contractorpublicationsblacklist", "pk": 2, "fields": {"date_created": "2020-08-28T13:27:40.167Z", "date_updated": "2020-08-28T13:27:40.167Z", "contractor": 2, "not_publish": ""}}, {"model": "crm.contractorpublicationsblacklist", "pk": 3, "fields": {"date_created": "2020-08-28T13:27:40.174Z", "date_updated": "2020-08-28T13:27:40.174Z", "contractor": 3, "not_publish": ""}}, {"model": "crm.postformatlist", "pk": 1, "fields": {"date_created": "2020-08-28T13:27:40.155Z", "date_updated": "2020-08-28T13:27:40.155Z", "contractor": 1, "post_format": "article", "news_amount": 0, "arranged_news": 0, "one_post_price": 0}}, {"model": "crm.postformatlist", "pk": 2, "fields": {"date_created": "2020-08-28T13:27:40.155Z", "date_updated": "2020-08-28T13:27:40.155Z", "contractor": 1, "post_format": "blog", "news_amount": 0, "arranged_news": 0, "one_post_price": 0}}, {"model": "crm.postformatlist", "pk": 3, "fields": {"date_created": "2020-08-28T13:27:40.155Z", "date_updated": "2020-08-28T13:27:40.155Z", "contractor": 1, "post_format": "news", "news_amount": 0, "arranged_news": 0, "one_post_price": 0}}, {"model": "crm.postformatlist", "pk": 4, "fields": {"date_created": "2020-08-28T13:27:40.163Z", "date_updated": "2020-08-28T13:27:40.163Z", "contractor": 2, "post_format": "article", "news_amount": 0, "arranged_news": 0, "one_post_price": 0}}, {"model": "crm.postformatlist", "pk": 5, "fields": {"date_created": "2020-08-28T13:27:40.163Z", "date_updated": "2020-08-28T13:27:40.163Z", "contractor": 2, "post_format": "blog", "news_amount": 0, "arranged_news": 0, "one_post_price": 0}}, {"model": "crm.postformatlist", "pk": 6, "fields": {"date_created": "2020-08-28T13:27:40.163Z", "date_updated": "2020-08-28T13:27:40.163Z", "contractor": 2, "post_format": "news", "news_amount": 0, "arranged_news": 0, "one_post_price": 0}}, {"model": "crm.postformatlist", "pk": 7, "fields": {"date_created": "2020-08-28T13:27:40.170Z", "date_updated": "2020-08-28T13:27:40.170Z", "contractor": 3, "post_format": "article", "news_amount": 0, "arranged_news": 0, "one_post_price": 0}}, {"model": "crm.postformatlist", "pk": 8, "fields": {"date_created": "2020-08-28T13:27:40.170Z", "date_updated": "2020-08-28T13:27:40.170Z", "contractor": 3, "post_format": "blog", "news_amount": 0, "arranged_news": 0, "one_post_price": 0}}, {"model": "crm.postformatlist", "pk": 9, "fields": {"date_created": "2020-08-28T13:27:40.170Z", "date_updated": "2020-08-28T13:27:40.170Z", "contractor": 3, "post_format": "news", "news_amount": 0, "arranged_news": 0, "one_post_price": 0}}, {"model": "crm.contractor", "pk": 1, "fields": {"date_created": "2020-08-28T13:27:40.153Z", "date_updated": "2020-08-28T13:27:40.153Z", "editor_name": "Editor 1", "contact_person": "Contact 1", "phone_number": "Number 1", "entity": "", "email": "contractor@contr.com"}}, {"model": "crm.contractor", "pk": 2, "fields": {"date_created": "2020-08-28T13:27:40.162Z", "date_updated": "2020-08-28T13:27:40.162Z", "editor_name": "Editor 2", "contact_person": "Contact 2", "phone_number": "Number 2", "entity": "", "email": "contractor2@contr.com"}}, {"model": "crm.contractor", "pk": 3, "fields": {"date_created": "2020-08-28T13:27:40.168Z", "date_updated": "2020-08-28T13:27:40.168Z", "editor_name": "Editor 3", "contact_person": "Contact 3", "phone_number": "Number 3", "entity": "", "email": "contractor3@contr.com"}}, {"model": "crm.hashtag", "pk": 1, "fields": {"date_created": "2020-08-28T13:27:40.175Z", "date_updated": "2020-08-28T13:27:40.175Z", "name": "mytag1"}}, {"model": "crm.hashtag", "pk": 2, "fields": {"date_created": "2020-08-28T13:27:40.175Z", "date_updated": "2020-08-28T13:27:40.175Z", "name": "mytag2"}}, {"model": "crm.hashtag", "pk": 3, "fields": {"date_created": "2020-08-28T13:27:40.175Z", "date_updated": "2020-08-28T13:27:40.175Z", "name": "mytag3"}}, {"model": "crm.newscharacter", "pk": 1, "fields": {"date_created": "2020-08-28T13:27:40.178Z", "date_updated": "2020-08-28T13:27:40.178Z", "character": "standard"}}, {"model": "crm.newscharacter", "pk": 2, "fields": {"date_created": "2020-08-28T13:27:40.178Z", "date_updated": "2020-08-28T13:27:40.178Z", "character": "negative"}}, {"model": "crm.newsburstmethod", "pk": 1, "fields": {"date_created": "2020-08-28T13:27:40.179Z", "date_updated": "2020-08-28T13:27:40.179Z", "method": "direct"}}, {"model": "crm.newsburstmethod", "pk": 2, "fields": {"date_created": "2020-08-28T13:27:40.179Z", "date_updated": "2020-08-28T13:27:40.179Z", "method": "bayer"}}, {"model": "crm.newsemail", "pk": 1, "fields": {"date_created": "2020-08-28T13:27:40.181Z", "date_updated": "2020-08-28T13:27:40.181Z", "email": "mail1@mail.com", "template": "My template 1", "signature": "My signature 1", "codeword": "Publisher 1"}}, {"model": "crm.newsemail", "pk": 2, "fields": {"date_created": "2020-08-28T13:27:40.181Z", "date_updated": "2020-08-28T13:27:40.181Z", "email": "mail2@mail.com", "template": "My template 2", "signature": "My signature 2", "codeword": "Publisher 2"}}, {"model": "crm.newsemail", "pk": 3, "fields": {"date_created": "2020-08-28T13:27:40.181Z", "date_updated": "2020-08-28T13:27:40.181Z", "email": "mail3@mail.com", "template": "My template 3", "signature": "My signature 3", "codeword": "Publisher 3"}}, {"model": "crm.newsproject", "pk": 1, "fields": {"date_created": "2020-08-28T13:27:40.189Z", "date_updated": "2020-08-28T13:27:40.189Z", "name": "Test project 1", "budget": 1234, "client": 1, "manager": 1, "hashtags": [1, 2, 3], "contractors": [1, 2, 3], "emails": [1, 2, 3]}}, {"model": "crm.newsproject", "pk": 2, "fields": {"date_created": "2020-08-28T13:27:40.189Z", "date_updated": "2020-08-28T13:27:40.189Z", "name": "Test project 2", "budget": 5678, "client": 1, "manager": 1, "hashtags": [1, 2, 3], "contractors": [1, 2, 3], "emails": [1, 2, 3]}}, {"model": "crm.newsproject", "pk": 3, "fields": {"date_created": "2020-08-28T13:27:40.189Z", "date_updated": "2020-08-28T13:27:40.189Z", "name": "Test project 3", "budget": 9012, "client": 1, "manager": 1, "hashtags": [1, 2, 3], "contractors": [1, 2, 3], "emails": [1, 2, 3]}}, {"model": "crm.newswave", "pk": 1, "fields": {"date_created": "2020-08-28T13:27:40.225Z", "date_updated": "2020-08-28T13:27:40.225Z", "title": "Test Title 1", "budget": 0, "is_confirmed": false, "post_format": "test format 1", "news_character": 1, "burst_method": 1, "wave_formation": null, "project": 1, "created_by": 1, "news_in_project": [], "hashtags": [1, 2, 3]}}, {"model": "crm.newswave", "pk": 2, "fields": {"date_created": "2020-08-28T13:27:40.225Z", "date_updated": "2020-08-28T13:27:40.225Z", "title": "Test Title 2", "budget": 0, "is_confirmed": false, "post_format": "test format 2", "news_character": 1, "burst_method": 1, "wave_formation": null, "project": 1, "created_by": 1, "news_in_project": [], "hashtags": [1, 2, 3]}}, {"model": "crm.newswave", "pk": 3, "fields": {"date_created": "2020-08-28T13:27:40.225Z", "date_updated": "2020-08-28T13:27:40.225Z", "title": "Test Title 3", "budget": 0, "is_confirmed": false, "post_format": "test format 3", "news_character": 1, "burst_method": 1, "wave_formation": null, "project": 1, "created_by": 1, "news_in_project": [], "hashtags": [1, 2, 3]}}, {"model": "crm.client", "pk": 1, "fields": {"date_created": "2020-08-28T13:27:40.183Z", "date_updated": "2020-08-28T13:27:40.183Z", "name": "John", "numbers": "+380501112233", "emails": "john@client.com", "price": 8400, "amount_publications": 150, "hashtags": []}}, {"model": "crm.client", "pk": 2, "fields": {"date_created": "2020-08-28T13:27:40.183Z", "date_updated": "2020-08-28T13:27:40.183Z", "name": "Peter", "numbers": "+380501112233", "emails": "peter@client.com", "price": 9400, "amount_publications": 250, "hashtags": []}}, {"model": "crm.client", "pk": 3, "fields": {"date_created": "2020-08-28T13:27:40.183Z", "date_updated": "2020-08-28T13:27:40.183Z", "name": "Vasya", "numbers": "+380501112233", "emails": "vasya@client.com", "price": 7400, "amount_publications": 50, "hashtags": []}}]